Workbook

Sheet Rekap Stock Barang
A1: LAPORAN STOCK KEDAI SEGARA
A2: CV. Dapur Rumah Rasa
A5: Periode: | B5: September
A6: Stock Barang Freezer Protein
A7: Kode Barang | B7: Nama Barang | C7: Keterangan | D7: Stock Awal | E7: Stock Masuk | F7: Stock Keluar | G7: Stock Akhir
A8: AS | B8: Ayam Suwir | C8: Porsi | D8: 31 | E8: =SUMIF('Barang Masuk '!$C$6:$C$1510,B8,'Barang Masuk '!$D$6:$D$1510) -> 380 | F8: =SUMIF('Barang keluar'!$C$6:$C$1689,B8,'Barang keluar'!$D$6:$D$1689) -> 381 | G8: =D8+E8-F8 -> 30
A9: TK | B9: Topping Kwetiau | C9: Porsi | D9: 77 | E9: =SUMIF('Barang Masuk '!$C$6:$C$1510,B9,'Barang Masuk '!$D$6:$D$1510) -> 211 | F9: =SUMIF('Barang keluar'!$C$6:$C$1689,B9,'Barang keluar'!$D$6:$D$1689) -> 250 | G9: =D9+E9-F9 -> 38
A10: TM | B10: Topping Mbakmoy | C10: Porsi | D10: 20 | E10: =SUMIF('Barang Masuk '!$C$6:$C$1510,B10,'Barang Masuk '!$D$6:$D$1510) -> 72 | F10: =SUMIF('Barang keluar'!$C$6:$C$1689,B10,'Barang keluar'!$D$6:$D$1689) -> 72 | G10: =D10+E10-F10 -> 20
A11: AJ | B11: Ayam Jamur | C11: Porsi | D11: 22 | E11: =SUMIF('Barang Masuk '!$C$6:$C$1510,B11,'Barang Masuk '!$D$6:$D$1510) -> 145 | F11: =SUMIF('Barang keluar'!$C$6:$C$1689,B11,'Barang keluar'!$D$6:$D$1689) -> 165 | G11: =D11+E11-F11 -> 2
A12: DGM | B12: Dada Gurih Manis | C12: Porsi | D12: 28 | E12: =SUMIF('Barang Masuk '!$C$6:$C$1510,B12,'Barang Masuk '!$D$6:$D$1510) -> 70 | F12: =SUMIF('Barang keluar'!$C$6:$C$1689,B12,'Barang keluar'!$D$6:$D$1689) -> 59 | G12: =D12+E12-F12 -> 39
A13: PGM | B13: Paha Gurih Manis | C13: Porsi | D13: 4 | E13: =SUMIF('Barang Masuk '!$C$6:$C$1510,B13,'Barang Masuk '!$D$6:$D$1510) -> 122 | F13: =SUMIF('Barang keluar'!$C$6:$C$1689,B13,'Barang keluar'!$D$6:$D$1689) -> 96 | G13: =D13+E13-F13 -> 30
A14: P | B14: Paha | C14: Porsi | D14: 50 | E14: =SUMIF('Barang Masuk '!$C$6:$C$1510,B14,'Barang Masuk '!$D$6:$D$1510) -> 293 | F14: =SUMIF('Barang keluar'!$C$6:$C$1689,B14,'Barang keluar'!$D$6:$D$1689) -> 297 | G14: =D14+E14-F14 -> 46
A15: D | B15: Dada | C15: Porsi | D15: 8 | E15: =SUMIF('Barang Masuk '!$C$6:$C$1510,B15,'Barang Masuk '!$D$6:$D$1510) -> 204 | F15: =SUMIF('Barang keluar'!$C$6:$C$1689,B15,'Barang keluar'!$D$6:$D$1689) -> 195 | G15: =D15+E15-F15 -> 17
A16: Syp | B16: Sayap Goreng | C16: Porsi | D16: 55 | E16: =SUMIF('Barang Masuk '!$C$6:$C$1510,B16,'Barang Masuk '!$D$6:$D$1510) -> 52 | F16: =SUMIF('Barang keluar'!$C$6:$C$1689,B16,'Barang keluar'!$D$6:$D$1689) -> 88 | G16: =D16+E16-F16 -> 19
A17: Daging | B17: Daging Slice | C17: Porsi | D17: 41 | E17: =SUMIF('Barang Masuk '!$C$6:$C$1510,B17,'Barang Masuk '!$D$6:$D$1510) -> 70 | F17: =SUMIF('Barang keluar'!$C$6:$C$1689,B17,'Barang keluar'!$D$6:$D$1689) -> 90 | G17: =D17+E17-F17 -> 21
A18: C | B18: Cumi | C18: Porsi | D18: 146 | E18: =SUMIF('Barang Masuk '!$C$6:$C$1510,B18,'Barang Masuk '!$D$6:$D$1510) -> 245 | F18: =SUMIF('Barang keluar'!$C$6:$C$1689,B18,'Barang keluar'!$D$6:$D$1689) -> 247 | G18: =D18+E18-F18 -> 144
A19: K | B19: Kulit | C19: Porsi | D19: 63 | E19: =SUMIF('Barang Masuk '!$C$6:$C$1510,B19,'Barang Masuk '!$D$6:$D$1510) -> 147 | F19: =SUMIF('Barang keluar'!$C$6:$C$1689,B19,'Barang keluar'!$D$6:$D$1689) -> 147 | G19: =D19+E19-F19 -> 63
... A30: Cr | B30: Cireng | C30: Porsi | D30: 36 | E30: =SUMIF('Barang Masuk '!$C$6:$C$1510,B30,'Barang Masuk '!$D$6:$D$1510) -> 0 | F30: =SUMIF('Barang keluar'!$C$6:$C$1689,B30,'Barang keluar'!$D$6:$D$1689) -> 32 | G30: =D30+E30-F30 -> 4
A31: Stock Barang Frezeer Bumbu
A32: SB | B32: Sambal Bawang | C32: Pack | D32: 18 | E32: =SUMIF('Barang Masuk '!$C$6:$C$1510,B32,'Barang Masuk '!$D$6:$D$1510) -> 10 | F32: =SUMIF('Barang keluar'!$C$6:$C$1689,B32,'Barang keluar'!$D$6:$D$1689) -> 27 | G32: =D32+E32-F32 -> 1
A33: S.terasi | B33: Sambal Terasi | C33: Pack | D33: 4 | E33: =SUMIF('Barang Masuk '!$C$6:$C$1510,B33,'Barang Masuk '!$D$6:$D$1510) -> 7 | F33: =SUMIF('Barang keluar'!$C$6:$C$1689,B33,'Barang keluar'!$D$6:$D$1689) -> 6 | G33: =D33+E33-F33 -> 5
A34: SK | B34: Sambal Kuning | C34: Pack | D34: 4 | E34: =SUMIF('Barang Masuk '!$C$6:$C$1510,B34,'Barang Masuk '!$D$6:$D$1510) -> 17 | F34: =SUMIF('Barang keluar'!$C$6:$C$1689,B34,'Barang keluar'!$D$6:$D$1689) -> 17 | G34: =D34+E34-F34 -> 4
A35: SP | B35: Sambal Petis | C35: Pack | D35: 13 | E35: =SUMIF('Barang Masuk '!$C$6:$C$1510,B35,'Barang Masuk '!$D$6:$D$1510) -> 12 | F35: =SUMIF('Barang keluar'!$C$6:$C$1689,B35,'Barang keluar'!$D$6:$D$1689) -> 14 | G35: =D35+E35-F35 -> 11
A36: ST | B36: Sambal Terong | C36: Pack | D36: 5 | E36: =SUMIF('Barang Masuk '!$C$6:$C$1510,B36,'Barang Masuk '!$D$6:$D$1510) -> 2 | F36: =SUMIF('Barang keluar'!$C$6:$C$1689,B36,'Barang keluar'!$D$6:$D$1689) -> 4 | G36: =D36+E36-F36 -> 3
A37: BS | B37: Bumbu Segara | C37: Pack | D37: 7 | E37: =SUMIF('Barang Masuk '!$C$6:$C$1510,B37,'Barang Masuk '!$D$6:$D$1510) -> 3 | F37: =SUMIF('Barang keluar'!$C$6:$C$1689,B37,'Barang keluar'!$D$6:$D$1689) -> 4 | G37: =D37+E37-F37 -> 6
A38: BL | B38: Bumbu Lidah | C38: Pack | D38: 4 | E38: =SUMIF('Barang Masuk '!$C$6:$C$1510,B38,'Barang Masuk '!$D$6:$D$1510) -> 10 | F38: =SUMIF('Barang keluar'!$C$6:$C$1689,B38,'Barang keluar'!$D$6:$D$1689) -> 10 | G38: =D38+E38-F38 -> 4
A39: Serundeng | B39: Bumbu Serundeng | C39: Pack | D39: 0 | E39: =SUMIF('Barang Masuk '!$C$6:$C$1510,B39,'Barang Masuk '!$D$6:$D$1510) -> 59 | F39: =SUMIF('Barang keluar'!$C$6:$C$1689,B39,'Barang keluar'!$D$6:$D$1689) -> 39 | G39: =D39+E39-F39 -> 20
A40: BK | B40: Bumbu Kwetiau | C40: Pack | D40: 9 | E40: =SUMIF('Barang Masuk '!$C$6:$C$1510,B40,'Barang Masuk '!$D$6:$D$1510) -> 4 | F40: =SUMIF('Barang keluar'!$C$6:$C$1689,B40,'Barang keluar'!$D$6:$D$1689) -> 12 | G40: =D40+E40-F40 -> 1
A41: GM | B41: Gorengan Mbakmoy | C41: Pack | D41: 10 | E41: =SUMIF('Barang Masuk '!$C$6:$C$1510,B41,'Barang Masuk '!$D$6:$D$1510) -> 0 | F41: =SUMIF('Barang keluar'!$C$6:$C$1689,B41,'Barang keluar'!$D$6:$D$1689) -> 10 | G41: =D41+E41-F41 -> 0
A42: BUL | B42: Bumbu Ungkep Lidah | C42: Pack | D42: 0 | E42: =SUMIF('Barang Masuk '!$C$6:$C$1510,B42,'Barang Masuk '!$D$6:$D$1510) -> 9 | F42: =SUMIF('Barang keluar'!$C$6:$C$1689,B42,'Barang keluar'!$D$6:$D$1689) -> 4 | G42: =D42+E42-F42 -> 5
A43: BNG | B43: Bumbu Nasi Gila | C43: Pack | D43: 6 | E43: =SUMIF('Barang Masuk '!$C$6:$C$1510,B43,'Barang Masuk '!$D$6:$D$1510) -> 0 | F43: =SUMIF('Barang keluar'!$C$6:$C$1689,B43,'Barang keluar'!$D$6:$D$1689) -> 2 | G43: =D43+E43-F43 -> 4
... A45: BMG | B45: Bumbu Mie Goreng Jawa | C45: Pack | D45: 6 | E45: =SUMIF('Barang Masuk '!$C$6:$C$1510,B45,'Barang Masuk '!$D$6:$D$1510) -> 0 | F45: =SUMIF('Barang keluar'!$C$6:$C$1689,B45,'Barang keluar'!$D$6:$D$1689) -> 5 | G45: =D45+E45-F45 -> 1
A46: Stock Barang Frezeer Roti & Juice
A47: RotiB | B47: Roti Bakar | C47: Pack | D47: 1 | E47: =SUMIF('Barang Masuk '!$C$6:$C$1510,B47,'Barang Masuk '!$D$6:$D$1510) -> 5 | F47: =SUMIF('Barang keluar'!$C$6:$C$1689,B47,'Barang keluar'!$D$6:$D$1689) -> 6 | G47: =D47+E47-F47 -> 0
A48: RotiA | B48: Roti Angsle | C48: Pack | D48: 1 | E48: =SUMIF('Barang Masuk '!$C$6:$C$1510,B48,'Barang Masuk '!$D$6:$D$1510) -> 2 | F48: =SUMIF('Barang keluar'!$C$6:$C$1689,B48,'Barang keluar'!$D$6:$D$1689) -> 3 | G48: =D48+E48-F48 -> 0
A49: Sirsak | B49: Sirsak Juice | C49: Pack | D49: 10 | E49: =SUMIF('Barang Masuk '!$C$6:$C$1510,B49,'Barang Masuk '!$D$6:$D$1510) -> 27 | F49: =SUMIF('Barang keluar'!$C$6:$C$1689,B49,'Barang keluar'!$D$6:$D$1689) -> 30 | G49: =D49+E49-F49 -> 7
A50: SM | B50: Manggo Juice | C50: Pack | D50: 12 | E50: =SUMIF('Barang Masuk '!$C$6:$C$1510,B50,'Barang Masuk '!$D$6:$D$1510) -> 43 | F50: =SUMIF('Barang keluar'!$C$6:$C$1689,B50,'Barang keluar'!$D$6:$D$1689) -> 53 | G50: =D50+E50-F50 -> 2
A51: Berries | B51: Mix Berries | C51: Pack | D51: 10 | E51: =SUMIF('Barang Masuk '!$C$6:$C$1510,B51,'Barang Masuk '!$D$6:$D$1510) -> 60 | F51: =SUMIF('Barang keluar'!$C$6:$C$1689,B51,'Barang keluar'!$D$6:$D$1689) -> 70 | G51: =D51+E51-F51 -> 0
A52: Flavourful Drink
A53: Kode Barang | B53: Nama Barang | C53: Keterangan | D53: Stock Awal | E53: Stock Masuk | F53: Stock Keluar | G53: Stock Akhir
A54: M | B54: Mineral | C54: Botol | D54: 391 | E54: =SUMIF('Barang Masuk '!$C$6:$C$1510,B54,'Barang Masuk '!$D$6:$D$1510) -> 960 | F54: =SUMIF('Barang keluar'!$C$6:$C$1689,B54,'Barang keluar'!$D$6:$D$1689) -> 1022 | G54: =D54+E54-F54 -> 329
A55: AT | B55: Air Tahu | C55: Botol | D55: 6 | E55: =SUMIF('Barang Masuk '!$C$6:$C$1510,B55,'Barang Masuk '!$D$6:$D$1510) -> 105 | F55: =SUMIF('Barang keluar'!$C$6:$C$1689,B55,'Barang keluar'!$D$6:$D$1689) -> 96 | G55: =D55+E55-F55 -> 15
A56: Polaris | B56: Soda Polaris | C56: Kaleng | D56: 27 | E56: =SUMIF('Barang Masuk '!$C$6:$C$1510,B56,'Barang Masuk '!$D$6:$D$1510) -> 0 | F56: =SUMIF('Barang keluar'!$C$6:$C$1689,B56,'Barang keluar'!$D$6:$D$1689) -> 24 | G56: =D56+E56-F56 -> 3
A57: ZD | B57: Zoda Water | C57: Kaleng | D57: 17 | E57: =SUMIF('Barang Masuk '!$C$6:$C$1510,B57,'Barang Masuk '!$D$6:$D$1510) -> 0 | F57: =SUMIF('Barang keluar'!$C$6:$C$1689,B57,'Barang keluar'!$D$6:$D$1689) -> 3 | G57: =D57+E57-F57 -> 14
A58: Kaleng | B58: Lhychee Kaleng | C58: Kaleng | D58: 10 | E58: =SUMIF('Barang Masuk '!$C$6:$C$1510,B58,'Barang Masuk '!$D$6:$D$1510) -> 0 | F58: =SUMIF('Barang keluar'!$C$6:$C$1689,B58,'Barang keluar'!$D$6:$D$1689) -> 1 | G58: =D58+E58-F58 -> 9
A59: Apple | B59: Apple Juice Diamond | C59: Pcs | D59: 3 | E59: =SUMIF('Barang Masuk '!$C$6:$C$1510,B59,'Barang Masuk '!$D$6:$D$1510) -> 7 | F59: =SUMIF('Barang keluar'!$C$6:$C$1689,B59,'Barang keluar'!$D$6:$D$1689) -> 7 | G59: =D59+E59-F59 -> 3
A60: DHT | B60: Syrup Dht | C60: Jug | D60: 1 | E60: =SUMIF('Barang Masuk '!$C$6:$C$1510,B60,'Barang Masuk '!$D$6:$D$1510) -> 0 | F60: =SUMIF('Barang keluar'!$C$6:$C$1689,B60,'Barang keluar'!$D$6:$D$1689) -> 0 | G60: =D60+E60-F60 -> 1
A61: Butter | B61: Dripp Butterschotch | C61: Botol | D61: 1 | E61: =SUMIF('Barang Masuk '!$C$6:$C$1510,B61,'Barang Masuk '!$D$6:$D$1510) -> 1 | F61: =SUMIF('Barang keluar'!$C$6:$C$1689,B61,'Barang keluar'!$D$6:$D$1689) -> 1 | G61: =D61+E61-F61 -> 1
A62: Pandan | B62: Dripp Pandan | C62: Botol | D62: 2 | E62: =SUMIF('Barang Masuk '!$C$6:$C$1510,B62,'Barang Masuk '!$D$6:$D$1510) -> 1 | F62: =SUMIF('Barang keluar'!$C$6:$C$1689,B62,'Barang keluar'!$D$6:$D$1689) -> 1 | G62: =D62+E62-F62 -> 2
A63: Lhychee | B63: Dripp Lhychee | C63: Botol | D63: 1 | E63: =SUMIF('Barang Masuk '!$C$6:$C$1510,B63,'Barang Masuk '!$D$6:$D$1510) -> 2 | F63: =SUMIF('Barang keluar'!$C$6:$C$1689,B63,'Barang keluar'!$D$6:$D$1689) -> 1 | G63: =D63+E63-F63 -> 2
A64: Sun | B64: Sunquick Manggo | C64: Botol | D64: 1 | E64: =SUMIF('Barang Masuk '!$C$6:$C$1510,B64,'Barang Masuk '!$D$6:$D$1510) -> 1 | F64: =SUMIF('Barang keluar'!$C$6:$C$1689,B64,'Barang keluar'!$D$6:$D$1689) -> 1 | G64: =D64+E64-F64 -> 1
A65: Lemon | B65: Ecolate Lemongrass | C65: Pack | D65: 3 | E65: =SUMIF('Barang Masuk '!$C$6:$C$1510,B65,'Barang Masuk '!$D$6:$D$1510) -> 0 | F65: =SUMIF('Barang keluar'!$C$6:$C$1689,B65,'Barang keluar'!$D$6:$D$1689) -> 2 | G65: =D65+E65-F65 -> 1
... A68: LT | B68: Lemon Tea | C68: Pack | D68: 1 | E68: =SUMIF('Barang Masuk '!$C$6:$C$1510,B68,'Barang Masuk '!$D$6:$D$1510) -> 2 | F68: =SUMIF('Barang keluar'!$C$6:$C$1689,B68,'Barang keluar'!$D$6:$D$1689) -> 0 | G68: =D68+E68-F68 -> 3
A69: Stock Barang Kering (Dairy + Plant Base Milk)
A70: Kode Barang | B70: Nama Barang | C70: Keterangan | D70: Stock Awal | E70: Stock Masuk | F70: Stock Keluar | G70: Stock Akhir
A71: UHT | B71: Diamond Milk | C71: Pcs | D71: 18 | E71: =SUMIF('Barang Masuk '!$C$6:$C$1510,B71,'Barang Masuk '!$D$6:$D$1510) -> 0 | F71: =SUMIF('Barang keluar'!$C$6:$C$1688,B71,'Barang keluar'!$D$6:$D$1688) -> 16 | G71: =D71+E71-F71 -> 2
A72: Cara1 | B72: Sun Cara 1L | C72: Pcs | D72: 14 | E72: =SUMIF('Barang Masuk '!$C$6:$C$1510,B72,'Barang Masuk '!$D$6:$D$1510) -> 0 | F72: =SUMIF('Barang keluar'!$C$6:$C$1688,B72,'Barang keluar'!$D$6:$D$1688) -> 3 | G72: =D72+E72-F72 -> 11
A73: Evap | B73: Susu Evaporasi | C73: Kaleng | D73: 8 | E73: =SUMIF('Barang Masuk '!$C$6:$C$1510,B73,'Barang Masuk '!$D$6:$D$1510) -> 13 | F73: =SUMIF('Barang keluar'!$C$6:$C$1688,B73,'Barang keluar'!$D$6:$D$1688) -> 14 | G73: =D73+E73-F73 -> 7
A74: SKM | B74: Susu Kental Manis Carnation | C74: Pcs | D74: 7 | E74: =SUMIF('Barang Masuk '!$C$6:$C$1510,B74,'Barang Masuk '!$D$6:$D$1510) -> 18 | F74: =SUMIF('Barang keluar'!$C$6:$C$1688,B74,'Barang keluar'!$D$6:$D$1688) -> 18 | G74: =D74+E74-F74 -> 7
A75: Oatside | B75: Oatside Milk | C75: Pcs | D75: 5 | E75: =SUMIF('Barang Masuk '!$C$6:$C$1510,B75,'Barang Masuk '!$D$6:$D$1510) -> 0 | F75: =SUMIF('Barang keluar'!$C$6:$C$1688,B75,'Barang keluar'!$D$6:$D$1688) -> 3 | G75: =D75+E75-F75 -> 2
A76: Cashew | B76: Cashew Milk | C76: Pcs | D76: 6 | E76: =SUMIF('Barang Masuk '!$C$6:$C$1510,B76,'Barang Masuk '!$D$6:$D$1510) -> 0 | F76: =SUMIF('Barang keluar'!$C$6:$C$1688,B76,'Barang keluar'!$D$6:$D$1688) -> 3 | G76: =D76+E76-F76 -> 3
A77: Cara200 | B77: Sun Cara 200Ml | C77: Pcs | D77: 3 | E77: =SUMIF('Barang Masuk '!$C$6:$C$1510,B77,'Barang Masuk '!$D$6:$D$1510) -> 10 | F77: =SUMIF('Barang keluar'!$C$6:$C$1688,B77,'Barang keluar'!$D$6:$D$1688) -> 5 | G77: =D77+E77-F77 -> 8
A78: Creamer | B78: Max Creamer | C78: Pcs | D78: 1 | E78: =SUMIF('Barang Masuk '!$C$6:$C$1510,B78,'Barang Masuk '!$D$6:$D$1510) -> 6 | F78: =SUMIF('Barang keluar'!$C$6:$C$1688,B78,'Barang keluar'!$D$6:$D$1688) -> 5 | G78: =D78+E78-F78 -> 2
A79: Milo | B79: Milo | C79: Pcs | D79: 1 | E79: =SUMIF('Barang Masuk '!$C$6:$C$1510,B79,'Barang Masuk '!$D$6:$D$1510) -> 3 | F79: =SUMIF('Barang keluar'!$C$6:$C$1688,B79,'Barang keluar'!$D$6:$D$1688) -> 2 | G79: =D79+E79-F79 -> 2
A80: Keju | B80: Keju | C80: Pcs | D80: 4 | E80: =SUMIF('Barang Masuk '!$C$6:$C$1510,B80,'Barang Masuk '!$D$6:$D$1510) -> 2 | F80: =SUMIF('Barang keluar'!$C$6:$C$1688,B80,'Barang keluar'!$D$6:$D$1688) -> 4 | G80: =D80+E80-F80 -> 2
A81: MB | B81: Minyak Beku | C81: Pcs | D81: 1 | E81: =SUMIF('Barang Masuk '!$C$6:$C$1510,B81,'Barang Masuk '!$D$6:$D$1510) -> 12 | F81: =SUMIF('Barang keluar'!$C$6:$C$1688,B81,'Barang keluar'!$D$6:$D$1688) -> 8 | G81: =D81+E81-F81 -> 5
A82: MC | B82: Kunci Mas | C82: Pcs | D82: 6 | E82: =SUMIF('Barang Masuk '!$C$6:$C$1510,B82,'Barang Masuk '!$D$6:$D$1510) -> 12 | F82: =SUMIF('Barang keluar'!$C$6:$C$1688,B82,'Barang keluar'!$D$6:$D$1688) -> 12 | G82: =D82+E82-F82 -> 6
A83: Bahan-Bahan Dasar + Kecap
A84: Kode Barang | B84: Nama Barang | C84: Keterangan | D84: Stock Awal | E84: Stock Masuk | F84: Stock Keluar | G84: Stock Akhir
A85: Gula | B85: Gula | C85: Pack | D85: 10 | E85: =SUMIF('Barang Masuk '!$C$6:$C$1510,B85,'Barang Masuk '!$D$6:$D$1510) -> 30 | F85: =SUMIF('Barang keluar'!$C$6:$C$1682,B85,'Barang keluar'!$D$6:$D$1682) -> 22 | G85: =D85+E85-F85 -> 18
A86: Garam | B86: Garam | C86: Pack | D86: 7 | E86: =SUMIF('Barang Masuk '!$C$6:$C$1510,B86,'Barang Masuk '!$D$6:$D$1510) -> 0 | F86: =SUMIF('Barang keluar'!$C$6:$C$1682,B86,'Barang keluar'!$D$6:$D$1682) -> 2 | G86: =D86+E86-F86 -> 5
A87: BR | B87: Bumbu Racik | C87: Pack | D87: 24 | E87: =SUMIF('Barang Masuk '!$C$6:$C$1510,B87,'Barang Masuk '!$D$6:$D$1510) -> 30 | F87: =SUMIF('Barang keluar'!$C$6:$C$1682,B87,'Barang keluar'!$D$6:$D$1682) -> 40 | G87: =D87+E87-F87 -> 14
A88: BG | B88: Bumbu Gule | C88: Pack | D88: 6 | E88: =SUMIF('Barang Masuk '!$C$6:$C$1510,B88,'Barang Masuk '!$D$6:$D$1510) -> 12 | F88: =SUMIF('Barang keluar'!$C$6:$C$1682,B88,'Barang keluar'!$D$6:$D$1682) -> 15 | G88: =D88+E88-F88 -> 3
A89: T | B89: Terasi | C89: Pcs | D89: 40 | E89: =SUMIF('Barang Masuk '!$C$6:$C$1510,B89,'Barang Masuk '!$D$6:$D$1510) -> 80 | F89: =SUMIF('Barang keluar'!$C$6:$C$1682,B89,'Barang keluar'!$D$6:$D$1682) -> 43 | G89: =D89+E89-F89 -> 77
A90: GulaH | B90: Gula Halus | C90: Pack | D90: 1 | E90: =SUMIF('Barang Masuk '!$C$6:$C$1510,B90,'Barang Masuk '!$D$6:$D$1510) -> 2 | F90: =SUMIF('Barang keluar'!$C$6:$C$1682,B90,'Barang keluar'!$D$6:$D$1682) -> 1 | G90: =D90+E90-F90 -> 2
A91: Knor | B91: Knorr | C91: Pack | D91: 1 | E91: =SUMIF('Barang Masuk '!$C$6:$C$1510,B91,'Barang Masuk '!$D$6:$D$1510) -> 1 | F91: =SUMIF('Barang keluar'!$C$6:$C$1682,B91,'Barang keluar'!$D$6:$D$1682) -> 1 | G91: =D91+E91-F91 -> 1
A92: RR | B92: Raja Rasa | C92: Botol | D92: 2 | E92: =SUMIF('Barang Masuk '!$C$6:$C$1510,B92,'Barang Masuk '!$D$6:$D$1510) -> 5 | F92: =SUMIF('Barang keluar'!$C$6:$C$1682,B92,'Barang keluar'!$D$6:$D$1682) -> 5 | G92: =D92+E92-F92 -> 2
A93: Tipparos | B93: Kecap Ikan Tipparos | C93: Botol | D93: 3 | E93: =SUMIF('Barang Masuk '!$C$6:$C$1510,B93,'Barang Masuk '!$D$6:$D$1510) -> 1 | F93: =SUMIF('Barang keluar'!$C$6:$C$1682,B93,'Barang keluar'!$D$6:$D$1682) -> 2 | G93: =D93+E93-F93 -> 2
A94: Maggi | B94: Kecap Maggi | C94: Botol | D94: 2 | E94: =SUMIF('Barang Masuk '!$C$6:$C$1510,B94,'Barang Masuk '!$D$6:$D$1510) -> 1 | F94: =SUMIF('Barang keluar'!$C$6:$C$1682,B94,'Barang keluar'!$D$6:$D$1682) -> 2 | G94: =D94+E94-F94 -> 1
A95: SS | B95: Saus Sambal | C95: Pack | D95: 7 | E95: =SUMIF('Barang Masuk '!$C$6:$C$1510,B95,'Barang Masuk '!$D$6:$D$1510) -> 0 | F95: =SUMIF('Barang keluar'!$C$6:$C$1682,B95,'Barang keluar'!$D$6:$D$1682) -> 1 | G95: =D95+E95-F95 -> 6
A96: Tomat | B96: Saus Tomat | C96: Pack | D96: 8 | E96: =SUMIF('Barang Masuk '!$C$6:$C$1510,B96,'Barang Masuk '!$D$6:$D$1510) -> 0 | F96: =SUMIF('Barang keluar'!$C$6:$C$1682,B96,'Barang keluar'!$D$6:$D$1682) -> 1 | G96: =D96+E96-F96 -> 7
A97: Bahan-Bahan Snack/ Dessert + Tepung
A98: Kode Barang | B98: Nama Barang | C98: Keterangan | D98: Stock Awal | E98: Stock Masuk | F98: Stock Keluar | G98: Stock Akhir
A99: Beras | B99: Tepung Beras Bola | C99: Pack | D99: 11 | E99: =SUMIF('Barang Masuk '!$C$6:$C$1510,B99,'Barang Masuk '!$D$6:$D$1510) -> 0 | F99: =SUMIF('Barang keluar'!$C$6:$C$1688,B99,'Barang keluar'!$D$6:$D$1688) -> 4 | G99: =D99+E99-F99 -> 7
A100: Ketan | B100: Tepung Ketan | C100: Pack | D100: 1 | E100: =SUMIF('Barang Masuk '!$C$6:$C$1510,B100,'Barang Masuk '!$D$6:$D$1510) -> 7 | F100: =SUMIF('Barang keluar'!$C$6:$C$1688,B100,'Barang keluar'!$D$6:$D$1688) -> 0 | G100: =D100+E100-F100 -> 8
A101: Maizena | B101: Tepung Maizena | C101: Pack | D101: 7 | E101: =SUMIF('Barang Masuk '!$C$6:$C$1510,B101,'Barang Masuk '!$D$6:$D$1510) -> 11 | F101: =SUMIF('Barang keluar'!$C$6:$C$1688,B101,'Barang keluar'!$D$6:$D$1688) -> 16 | G101: =D101+E101-F101 -> 2
A102: Terigu | B102: Tepung Terigu | C102: Pack | D102: 13 | E102: =SUMIF('Barang Masuk '!$C$6:$C$1510,B102,'Barang Masuk '!$D$6:$D$1510) -> 13 | F102: =SUMIF('Barang keluar'!$C$6:$C$1688,B102,'Barang keluar'!$D$6:$D$1688) -> 23 | G102: =D102+E102-F102 -> 3
A103: Tapioka | B103: Tepung Tapioka | C103: Pack | D103: 5 | E103: =SUMIF('Barang Masuk '!$C$6:$C$1510,B103,'Barang Masuk '!$D$6:$D$1510) -> 16 | F103: =SUMIF('Barang keluar'!$C$6:$C$1688,B103,'Barang keluar'!$D$6:$D$1688) -> 11 | G103: =D103+E103-F103 -> 10
A104: TT | B104: Tepung Telur | C104: Pack | D104: 18 | E104: =SUMIF('Barang Masuk '!$C$6:$C$1510,B104,'Barang Masuk '!$D$6:$D$1510) -> 84 | F104: =SUMIF('Barang keluar'!$C$6:$C$1688,B104,'Barang keluar'!$D$6:$D$1688) -> 66 | G104: =D104+E104-F104 -> 36
A105: Urai | B105: Mie Urai | C105: Pack | D105: 24 | E105: =SUMIF('Barang Masuk '!$C$6:$C$1510,B105,'Barang Masuk '!$D$6:$D$1510) -> 0 | F105: =SUMIF('Barang keluar'!$C$6:$C$1688,B105,'Barang keluar'!$D$6:$D$1688) -> 23 | G105: =D105+E105-F105 -> 1
A106: Plain | B106: Nurtijel Plain | C106: Pack | D106: 18 | E106: =SUMIF('Barang Masuk '!$C$6:$C$1510,B106,'Barang Masuk '!$D$6:$D$1510) -> 0 | F106: =SUMIF('Barang keluar'!$C$6:$C$1688,B106,'Barang keluar'!$D$6:$D$1688) -> 6 | G106: =D106+E106-F106 -> 12
A107: Sagu | B107: Sagu Mutiara | C107: Pack | D107: 4 | E107: =SUMIF('Barang Masuk '!$C$6:$C$1510,B107,'Barang Masuk '!$D$6:$D$1510) -> 6 | F107: =SUMIF('Barang keluar'!$C$6:$C$1688,B107,'Barang keluar'!$D$6:$D$1688) -> 8 | G107: =D107+E107-F107 -> 2
A108: Nata | B108: Nata Decoco | C108: Pack | D108: 2 | E108: =SUMIF('Barang Masuk '!$C$6:$C$1510,B108,'Barang Masuk '!$D$6:$D$1510) -> 2 | F108: =SUMIF('Barang keluar'!$C$6:$C$1688,B108,'Barang keluar'!$D$6:$D$1688) -> 3 | G108: =D108+E108-F108 -> 1
A109: Hijau | B109: Pewarna Hijau | C109: Btl | D109: 11 | E109: =SUMIF('Barang Masuk '!$C$6:$C$1510,B109,'Barang Masuk '!$D$6:$D$1510) -> 0 | F109: =SUMIF('Barang keluar'!$C$6:$C$1688,B109,'Barang keluar'!$D$6:$D$1688) -> 2 | G109: =D109+E109-F109 -> 9
A110: Pink | B110: Pewarna Pink | C110: Btl | D110: 3 | E110: =SUMIF('Barang Masuk '!$C$6:$C$1510,B110,'Barang Masuk '!$D$6:$D$1510) -> 0 | F110: =SUMIF('Barang keluar'!$C$6:$C$1688,B110,'Barang keluar'!$D$6:$D$1688) -> 1 | G110: =D110+E110-F110 -> 2
A111: V | B111: Vanilli | C111: Btl | D111: 6 | E111: =SUMIF('Barang Masuk '!$C$6:$C$1510,B111,'Barang Masuk '!$D$6:$D$1510) -> 12 | F111: =SUMIF('Barang keluar'!$C$6:$C$1688,B111,'Barang keluar'!$D$6:$D$1688) -> 5 | G111: =D111+E111-F111 -> 13
A112: Stock Cleaning Supplies + Utensils
A113: Kode Barang | B113: Nama Barang | C113: Keterangan | D113: Stock Awal | E113: Stock Masuk | F113: Stock Keluar | G113: Stock Akhir
A114: Ps.ukS | B114: Plastik Sampah S | C114: Lbr | D114: 133 | E114: =SUMIF('Barang Masuk '!$C$6:$C$1510,B114,'Barang Masuk '!$D$6:$D$1510) -> 0 | F114: =SUMIF('Barang keluar'!$C$6:$C$1682,B114,'Barang keluar'!$D$6:$D$1682) -> 85 | G114: =D114+E114-F114 -> 48 | I114: 1 Pack Isi 10 pcs
A115: Ps.ukM | B115: Plastik Sampah M | C115: Lbr | D115: 80 | E115: =SUMIF('Barang Masuk '!$C$6:$C$1510,B115,'Barang Masuk '!$D$6:$D$1510) -> 0 | F115: =SUMIF('Barang keluar'!$C$6:$C$1682,B115,'Barang keluar'!$D$6:$D$1682) -> 57 | G115: =D115+E115-F115 -> 23 | I115: 1 Pack Isi 10 pcs
...

Sheet Barang Masuk 
A1: Laporan Barang Masuk Segara
A2: Cv. Dapur Rumah Rasa
A4: Periode: | B4: September
A5: Tanggal | B5: Kode Barang | C5: Nama Barang | D5: Jumlah Barang Masuk
A6: 46266 | B6: As | C6: =IFERROR(VLOOKUP(B6,'Rekap Stock Barang'!$A$7:$G$153,2,0),"") -> Ayam Suwir | D6: 103
B7: TM | C7: =IFERROR(VLOOKUP(B7,'Rekap Stock Barang'!$A$7:$G$153,2,0),"") -> Topping Mbakmoy | D7: 20
B8: PGM | C8: =IFERROR(VLOOKUP(B8,'Rekap Stock Barang'!$A$7:$G$153,2,0),"") -> Paha Gurih Manis | D8: 60
B9: Dgm | C9: =IFERROR(VLOOKUP(B9,'Rekap Stock Barang'!$A$7:$G$153,2,0),"") -> Dada Gurih Manis | D9: 30
B10: P | C10: =IFERROR(VLOOKUP(B10,'Rekap Stock Barang'!$A$7:$G$153,2,0),"") -> Paha | D10: 93
B11: D | C11: =IFERROR(VLOOKUP(B11,'Rekap Stock Barang'!$A$7:$G$153,2,0),"") -> Dada | D11: 74
B12: Tk | C12: =IFERROR(VLOOKUP(B12,'Rekap Stock Barang'!$A$7:$G$153,2,0),"") -> Topping Kwetiau | D12: 88
B13: Tmeja | C13: =IFERROR(VLOOKUP(B13,'Rekap Stock Barang'!$A$7:$G$153,2,0),"") -> Tissue Meja | D13: 6
B14: Twc | C14: =IFERROR(VLOOKUP(B14,'Rekap Stock Barang'!$A$7:$G$153,2,0),"") -> Tissue Toilet | D14: 20
A15: Lebih | B15: AS | C15: =IFERROR(VLOOKUP(B15,'Rekap Stock Barang'!$A$7:$G$153,2,0),"") -> Ayam Suwir | D15: 3
A16: 46267 | B16: LGS | C16: =IFERROR(VLOOKUP(B16,'Rekap Stock Barang'!$A$7:$G$153,2,0),"") -> Lidah Goreng Segara | D16: 11
B17: BUL | C17: =IFERROR(VLOOKUP(B17,'Rekap Stock Barang'!$A$7:$G$153,2,0),"") -> Bumbu Ungkep Lidah | D17: 9
B18: Bs | C18: =IFERROR(VLOOKUP(B18,'Rekap Stock Barang'!$A$7:$G$153,2,0),"") -> Bumbu Segara | D18: 3
B19: AT | C19: =IFERROR(VLOOKUP(B19,'Rekap Stock Barang'!$A$7:$G$153,2,0),"") -> Air Tahu | D19: 20
A20: Lebih | B20: AS | C20: =IFERROR(VLOOKUP(B20,'Rekap Stock Barang'!$A$7:$G$153,2,0),"") -> Ayam Suwir | D20: 1
A21: 46268 | B21: Pt | C21: =IFERROR(VLOOKUP(B21,'Rekap Stock Barang'!$A$7:$G$153,2,0),"") -> Pete | D21: 5
B22: AJ | C22: =IFERROR(VLOOKUP(B22,'Rekap Stock Barang'!$A$7:$G$153,2,0),"") -> Ayam Jamur | D22: 50
B23: Serundeng | C23: =IFERROR(VLOOKUP(B23,'Rekap Stock Barang'!$A$7:$G$153,2,0),"") -> Bumbu Serundeng | D23: 19
B24: B | C24: =IFERROR(VLOOKUP(B24,'Rekap Stock Barang'!$A$7:$G$153,2,0),"") -> Bagor | D24: 89
A25: 46269 | B25: Maizena | C25: =IFERROR(VLOOKUP(B25,'Rekap Stock Barang'!$A$7:$G$153,2,0),"") -> Tepung Maizena | D25: 5
B26: Tapioka | C26: =IFERROR(VLOOKUP(B26,'Rekap Stock Barang'!$A$7:$G$153,2,0),"") -> Tepung Tapioka | D26: 9
B27: Bt | C27: =IFERROR(VLOOKUP(B27,'Rekap Stock Barang'!$A$7:$G$153,2,0),"") -> Bumbu Teri | D27: 3
A28: 46270 | B28: MB | C28: =IFERROR(VLOOKUP(B28,'Rekap Stock Barang'!$A$7:$G$153,2,0),"") -> Minyak Beku | D28: 6
B29: Daging | C29: =IFERROR(VLOOKUP(B29,'Rekap Stock Barang'!$A$7:$G$153,2,0),"") -> Daging Slice | D29: 40
B30: Sdt | C30: =IFERROR(VLOOKUP(B30,'Rekap Stock Barang'!$A$7:$G$153,2,0),"") -> Sedotan | D30: 6
B31: DS | C31: =IFERROR(VLOOKUP(B31,'Rekap Stock Barang'!$A$7:$G$153,2,0),"") -> Daging Sambal HIjau | D31: 83
A32: 46271 | B32: Bm24 | C32: =IFERROR(VLOOKUP(B32,'Rekap Stock Barang'!$A$7:$G$153,2,0),"") -> Plastik Bima uk24 | D32: 5
B33: 2in1 | C33: =IFERROR(VLOOKUP(B33,'Rekap Stock Barang'!$A$7:$G$153,2,0),"") -> 2in1 Sendok | D33: 1
B34: Cups | C34: =IFERROR(VLOOKUP(B34,'Rekap Stock Barang'!$A$7:$G$153,2,0),"") -> Cup Sambal | D34: 3
B35: Soupxs | C35: =IFERROR(VLOOKUP(B35,'Rekap Stock Barang'!$A$7:$G$153,2,0),"") -> Plastik Soup XS | D35: 3
B36: Maggi | C36: =IFERROR(VLOOKUP(B36,'Rekap Stock Barang'!$A$7:$G$153,2,0),"") -> Kecap Maggi | D36: 1
B37: RR | C37: =IFERROR(VLOOKUP(B37,'Rekap Stock Barang'!$A$7:$G$153,2,0),"") -> Raja Rasa | D37: 3
B38: Gula | C38: =IFERROR(VLOOKUP(B38,'Rekap Stock Barang'!$A$7:$G$153,2,0),"") -> Gula | D38: 10
B39: Br | C39: =IFERROR(VLOOKUP(B39,'Rekap Stock Barang'!$A$7:$G$153,2,0),"") -> Bumbu Racik | D39: 10
B40: BG | C40: =IFERROR(VLOOKUP(B40,'Rekap Stock Barang'!$A$7:$G$153,2,0),"") -> Bumbu Gule | D40: 12
B41: T | C41: =IFERROR(VLOOKUP(B41,'Rekap Stock Barang'!$A$7:$G$153,2,0),"") -> Terasi | D41: 40
B42: Gulah | C42: =IFERROR(VLOOKUP(B42,'Rekap Stock Barang'!$A$7:$G$153,2,0),"") -> Gula Halus | D42: 2
B43: Ketan | C43: =IFERROR(VLOOKUP(B43,'Rekap Stock Barang'!$A$7:$G$153,2,0),"") -> Tepung Ketan | D43: 7
B44: Evap | C44: =IFERROR(VLOOKUP(B44,'Rekap Stock Barang'!$A$7:$G$153,2,0),"") -> Susu Evaporasi | D44: 5
... B49: Sk | C49: =IFERROR(VLOOKUP(B49,'Rekap Stock Barang'!$A$7:$G$153,2,0),"") -> Sambal Kuning | D49: 3
A50: 46272 | B50: C | C50: =IFERROR(VLOOKUP(B50,'Rekap Stock Barang'!$A$7:$G$153,2,0),"") -> Cumi | D50: 127
B51: TT | C51: =IFERROR(VLOOKUP(B51,'Rekap Stock Barang'!$A$7:$G$153,2,0),"") -> Tepung Telur | D51: 30
B52: M | C52: =IFERROR(VLOOKUP(B52,'Rekap Stock Barang'!$A$7:$G$153,2,0),"") -> Mineral | D52: 480
A53: Lebih | B53: PGM | C53: =IFERROR(VLOOKUP(B53,'Rekap Stock Barang'!$A$7:$G$153,2,0),"") -> Paha Gurih Manis | D53: 1
A54: 46273 | B54: Soupxs | C54: =IFERROR(VLOOKUP(B54,'Rekap Stock Barang'!$A$7:$G$153,2,0),"") -> Plastik Soup XS | D54: 20
B55: TbM | C55: =IFERROR(VLOOKUP(B55,'Rekap Stock Barang'!$A$7:$G$153,2,0),"") -> Take Away Box M | D55: 10
B56: K | C56: =IFERROR(VLOOKUP(B56,'Rekap Stock Barang'!$A$7:$G$153,2,0),"") -> Kulit | D56: 51
B57: Sk | C57: =IFERROR(VLOOKUP(B57,'Rekap Stock Barang'!$A$7:$G$153,2,0),"") -> Sambal Kuning | D57: 7
B58: At | C58: =IFERROR(VLOOKUP(B58,'Rekap Stock Barang'!$A$7:$G$153,2,0),"") -> Air Tahu | D58: 15
A59: 46274 | B59: AS | C59: =IFERROR(VLOOKUP(B59,'Rekap Stock Barang'!$A$7:$G$153,2,0),"") -> Ayam Suwir | D59: 42
B60: TA | C60: =IFERROR(VLOOKUP(B60,'Rekap Stock Barang'!$A$7:$G$153,2,0),"") -> Tahu Aci | D60: 9
A61: 46276 | B61: Bl | C61: =IFERROR(VLOOKUP(B61,'Rekap Stock Barang'!$A$7:$G$153,2,0),"") -> Bumbu Lidah | D61: 5
B62: AJ | C62: =IFERROR(VLOOKUP(B62,'Rekap Stock Barang'!$A$7:$G$153,2,0),"") -> Ayam Jamur | D62: 55
B63: AS | C63: =IFERROR(VLOOKUP(B63,'Rekap Stock Barang'!$A$7:$G$153,2,0),"") -> Ayam Suwir | D63: 69
B64: D | C64: =IFERROR(VLOOKUP(B64,'Rekap Stock Barang'!$A$7:$G$153,2,0),"") -> Dada | D64: 52
B65: P | C65: =IFERROR(VLOOKUP(B65,'Rekap Stock Barang'!$A$7:$G$153,2,0),"") -> Paha | D65: 100
A66: 46277 | B66: As | C66: =IFERROR(VLOOKUP(B66,'Rekap Stock Barang'!$A$7:$G$153,2,0),"") -> Ayam Suwir | D66: 16
B67: Tk | C67: =IFERROR(VLOOKUP(B67,'Rekap Stock Barang'!$A$7:$G$153,2,0),"") -> Topping Kwetiau | D67: 78
B68: B | C68: =IFERROR(VLOOKUP(B68,'Rekap Stock Barang'!$A$7:$G$153,2,0),"") -> Bagor | D68: 87
A69: Lebbih | B69: C | C69: =IFERROR(VLOOKUP(B69,'Rekap Stock Barang'!$A$7:$G$153,2,0),"") -> Cumi | D69: 5
B70: Creamer | C70: =IFERROR(VLOOKUP(B70,'Rekap Stock Barang'!$A$7:$G$153,2,0),"") -> Max Creamer | D70: 1
B71: Serundeng | C71: =IFERROR(VLOOKUP(B71,'Rekap Stock Barang'!$A$7:$G$153,2,0),"") -> Bumbu Serundeng | D71: 22
B72: Rotib | C72: =IFERROR(VLOOKUP(B72,'Rekap Stock Barang'!$A$7:$G$153,2,0),"") -> Roti Bakar | D72: 4
B73: RotiA | C73: =IFERROR(VLOOKUP(B73,'Rekap Stock Barang'!$A$7:$G$153,2,0),"") -> Roti Angsle | D73: 1
A74: 46279 | B74: AT | C74: =IFERROR(VLOOKUP(B74,'Rekap Stock Barang'!$A$7:$G$153,2,0),"") -> Air Tahu | D74: 15
B75: Pandan | C75: =IFERROR(VLOOKUP(B75,'Rekap Stock Barang'!$A$7:$G$153,2,0),"") -> Dripp Pandan | D75: 1
B76: Lhychee | C76: =IFERROR(VLOOKUP(B76,'Rekap Stock Barang'!$A$7:$G$153,2,0),"") -> Dripp Lhychee | D76: 2
B77: Butter | C77: =IFERROR(VLOOKUP(B77,'Rekap Stock Barang'!$A$7:$G$153,2,0),"") -> Dripp Butterschotch | D77: 1
B78: LT | C78: =IFERROR(VLOOKUP(B78,'Rekap Stock Barang'!$A$7:$G$153,2,0),"") -> Lemon Tea | D78: 2
B79: LGS | C79: =IFERROR(VLOOKUP(B79,'Rekap Stock Barang'!$A$7:$G$153,2,0),"") -> Lidah Goreng Segara | D79: 39
A80: 46280 | B80: Milo | C80: =IFERROR(VLOOKUP(B80,'Rekap Stock Barang'!$A$7:$G$153,2,0),"") -> Milo | D80: 3
B81: Creamer | C81: =IFERROR(VLOOKUP(B81,'Rekap Stock Barang'!$A$7:$G$153,2,0),"") -> Max Creamer | D81: 3
B82: Gula | C82: =IFERROR(VLOOKUP(B82,'Rekap Stock Barang'!$A$7:$G$153,2,0),"") -> Gula | D82: 5
B83: Br | C83: =IFERROR(VLOOKUP(B83,'Rekap Stock Barang'!$A$7:$G$153,2,0),"") -> Bumbu Racik | D83: 10
B84: Tapioka | C84: =IFERROR(VLOOKUP(B84,'Rekap Stock Barang'!$A$7:$G$153,2,0),"") -> Tepung Tapioka | D84: 7
B85: Terigu | C85: =IFERROR(VLOOKUP(B85,'Rekap Stock Barang'!$A$7:$G$153,2,0),"") -> Tepung Terigu | D85: 6
B86: L | C86: =IFERROR(VLOOKUP(B86,'Rekap Stock Barang'!$A$7:$G$153,2,0),"") -> Lidah | D86: 19
B87: MC | C87: =IFERROR(VLOOKUP(B87,'Rekap Stock Barang'!$A$7:$G$153,2,0),"") -> Kunci Mas | D87: 6
B88: Syp | C88: =IFERROR(VLOOKUP(B88,'Rekap Stock Barang'!$A$7:$G$153,2,0),"") -> Sayap Goreng | D88: 25
A89: Lebih | B89: As | C89: =IFERROR(VLOOKUP(B89,'Rekap Stock Barang'!$A$7:$G$153,2,0),"") -> Ayam Suwir | D89: 1
A90: Lebih | B90: D | C90: =IFERROR(VLOOKUP(B90,'Rekap Stock Barang'!$A$7:$G$153,2,0),"") -> Dada | D90: 2
A91: Lebih | B91: C | C91: =IFERROR(VLOOKUP(B91,'Rekap Stock Barang'!$A$7:$G$153,2,0),"") -> Cumi | D91: 1
A92: Lebih | B92: St | C92: =IFERROR(VLOOKUP(B92,'Rekap Stock Barang'!$A$7:$G$153,2,0),"") -> Sambal Terong | D92: 2
A93: 46282 | B93: As | C93: =IFERROR(VLOOKUP(B93,'Rekap Stock Barang'!$A$7:$G$153,2,0),"") -> Ayam Suwir | D93: 59
B94: Pgm | C94: =IFERROR(VLOOKUP(B94,'Rekap Stock Barang'!$A$7:$G$153,2,0),"") -> Paha Gurih Manis | D94: 60
B95: Dgm | C95: =IFERROR(VLOOKUP(B95,'Rekap Stock Barang'!$A$7:$G$153,2,0),"") -> Dada Gurih Manis | D95: 40
B96: S.terasi | C96: =IFERROR(VLOOKUP(B96,'Rekap Stock Barang'!$A$7:$G$153,2,0),"") -> Sambal Terasi | D96: 7
A97: 46283 | B97: Bk | C97: =IFERROR(VLOOKUP(B97,'Rekap Stock Barang'!$A$7:$G$153,2,0),"") -> Bumbu Kwetiau | D97: 4
B98: TM | C98: =IFERROR(VLOOKUP(B98,'Rekap Stock Barang'!$A$7:$G$153,2,0),"") -> Topping Mbakmoy | D98: 20
B99: TT | C99: =IFERROR(VLOOKUP(B99,'Rekap Stock Barang'!$A$7:$G$153,2,0),"") -> Tepung Telur | D99: 23
A100: Lebih | B100: D | C100: =IFERROR(VLOOKUP(B100,'Rekap Stock Barang'!$A$7:$G$153,2,0),"") -> Dada | D100: 1
A101: 46284 | B101: BC | C101: =IFERROR(VLOOKUP(B101,'Rekap Stock Barang'!$A$7:$G$153,2,0),"") -> Sambal Baby Cumi | D101: 164
A102: 46285 | B102: AT | C102: =IFERROR(VLOOKUP(B102,'Rekap Stock Barang'!$A$7:$G$153,2,0),"") -> Air Tahu | D102: 15
B103: Sm | C103: =IFERROR(VLOOKUP(B103,'Rekap Stock Barang'!$A$7:$G$153,2,0),"") -> Manggo Juice | D103: 33
B104: Berries | C104: =IFERROR(VLOOKUP(B104,'Rekap Stock Barang'!$A$7:$G$153,2,0),"") -> Mix Berries | D104: 40
B105: Sirsak | C105: =IFERROR(VLOOKUP(B105,'Rekap Stock Barang'!$A$7:$G$153,2,0),"") -> Sirsak Juice | D105: 26
...

Sheet Barang keluar
A1: Laporan Barang Keluar Segara
A2: Cv. Dapur Rumah Rasa
A4: Periode: | B4: Agustus
A5: Tanggal | B5: Kode Barang | C5: Nama Barang | D5: Jumlah Barang Keluar
A6: 46266 | B6: Eko | C6: =IFERROR(VLOOKUP(B6,'Rekap Stock Barang'!$A$7:$G$153,2,0),"") -> Ekonomi | D6: 3
B7: Soupxs | C7: =IFERROR(VLOOKUP(B7,'Rekap Stock Barang'!$A$7:$G$153,2,0),"") -> Plastik Soup XS | D7: 1
B8: Tmeja | C8: =IFERROR(VLOOKUP(B8,'Rekap Stock Barang'!$A$7:$G$153,2,0),"") -> Tissue Meja | D8: 1
B9: Tt | C9: =IFERROR(VLOOKUP(B9,'Rekap Stock Barang'!$A$7:$G$153,2,0),"") -> Tepung Telur | D9: 2
B10: Sb | C10: =IFERROR(VLOOKUP(B10,'Rekap Stock Barang'!$A$7:$G$153,2,0),"") -> Sambal Bawang | D10: 1
B11: Ps.ukS | C11: =IFERROR(VLOOKUP(B11,'Rekap Stock Barang'!$A$7:$G$153,2,0),"") -> Plastik Sampah S | D11: 1
B12: Ps.ukM | C12: =IFERROR(VLOOKUP(B12,'Rekap Stock Barang'!$A$7:$G$153,2,0),"") -> Plastik Sampah M | D12: 1
B13: Ps.ukL | C13: =IFERROR(VLOOKUP(B13,'Rekap Stock Barang'!$A$7:$G$153,2,0),"") -> Plastik Sampah L | D13: 1
B14: Ps.ukXl | C14: =IFERROR(VLOOKUP(B14,'Rekap Stock Barang'!$A$7:$G$153,2,0),"") -> Plastik Sampah XL | D14: 1
B15: PGM | C15: =IFERROR(VLOOKUP(B15,'Rekap Stock Barang'!$A$7:$G$153,2,0),"") -> Paha Gurih Manis | D15: 2
B16: DGM | C16: =IFERROR(VLOOKUP(B16,'Rekap Stock Barang'!$A$7:$G$153,2,0),"") -> Dada Gurih Manis | D16: 0
B17: P | C17: =IFERROR(VLOOKUP(B17,'Rekap Stock Barang'!$A$7:$G$153,2,0),"") -> Paha | D17: 6
B18: D | C18: =IFERROR(VLOOKUP(B18,'Rekap Stock Barang'!$A$7:$G$153,2,0),"") -> Dada | D18: 4
... B37: Sirsak | C37: =IFERROR(VLOOKUP(B37,'Rekap Stock Barang'!$A$7:$G$153,2,0),"") -> Sirsak Juice | D37: 0
A38: 46267 | B38: Br | C38: =IFERROR(VLOOKUP(B38,'Rekap Stock Barang'!$A$7:$G$153,2,0),"") -> Bumbu Racik | D38: 1
B39: BT | C39: =IFERROR(VLOOKUP(B39,'Rekap Stock Barang'!$A$7:$G$153,2,0),"") -> Bumbu Teri | D39: 1
B40: Sagu | C40: =IFERROR(VLOOKUP(B40,'Rekap Stock Barang'!$A$7:$G$153,2,0),"") -> Sagu Mutiara | D40: 1
B41: Ice | C41: =IFERROR(VLOOKUP(B41,'Rekap Stock Barang'!$A$7:$G$153,2,0),"") -> Cup Ice | D41: 1
B42: Uht | C42: =IFERROR(VLOOKUP(B42,'Rekap Stock Barang'!$A$7:$G$153,2,0),"") -> Diamond Milk | D42: 1
B43: Apple | C43: =IFERROR(VLOOKUP(B43,'Rekap Stock Barang'!$A$7:$G$153,2,0),"") -> Apple Juice Diamond | D43: 1
B44: Gula | C44: =IFERROR(VLOOKUP(B44,'Rekap Stock Barang'!$A$7:$G$153,2,0),"") -> Gula | D44: 1
B45: Cara1 | C45: =IFERROR(VLOOKUP(B45,'Rekap Stock Barang'!$A$7:$G$153,2,0),"") -> Sun Cara 1L | D45: 1
B46: Paper | C46: =IFERROR(VLOOKUP(B46,'Rekap Stock Barang'!$A$7:$G$153,2,0),"") -> Thermal Paper | D46: 3
B47: Bk | C47: =IFERROR(VLOOKUP(B47,'Rekap Stock Barang'!$A$7:$G$153,2,0),"") -> Bumbu Kwetiau | D47: 1
B48: Sb | C48: =IFERROR(VLOOKUP(B48,'Rekap Stock Barang'!$A$7:$G$153,2,0),"") -> Sambal Bawang | D48: 1
B49: Polaris | C49: =IFERROR(VLOOKUP(B49,'Rekap Stock Barang'!$A$7:$G$153,2,0),"") -> Soda Polaris | D49: 2
B50: Tt | C50: =IFERROR(VLOOKUP(B50,'Rekap Stock Barang'!$A$7:$G$153,2,0),"") -> Tepung Telur | D50: 4
... B82: Sirsak | C82: =IFERROR(VLOOKUP(B82,'Rekap Stock Barang'!$A$7:$G$153,2,0),"") -> Sirsak Juice | D82: 0
A83: 46268 | B83: V | C83: =IFERROR(VLOOKUP(B83,'Rekap Stock Barang'!$A$7:$G$153,2,0),"") -> Vanilli | D83: 1
B84: RotiA | C84: =IFERROR(VLOOKUP(B84,'Rekap Stock Barang'!$A$7:$G$153,2,0),"") -> Roti Angsle | D84: 1
B85: RotiB | C85: =IFERROR(VLOOKUP(B85,'Rekap Stock Barang'!$A$7:$G$153,2,0),"") -> Roti Bakar | D85: 1
B86: Plain | C86: =IFERROR(VLOOKUP(B86,'Rekap Stock Barang'!$A$7:$G$153,2,0),"") -> Nurtijel Plain | D86: 1
B87: Gula | C87: =IFERROR(VLOOKUP(B87,'Rekap Stock Barang'!$A$7:$G$153,2,0),"") -> Gula | D87: 1
B88: Hijau | C88: =IFERROR(VLOOKUP(B88,'Rekap Stock Barang'!$A$7:$G$153,2,0),"") -> Pewarna Hijau | D88: 1
B89: Tapioka | C89: =IFERROR(VLOOKUP(B89,'Rekap Stock Barang'!$A$7:$G$153,2,0),"") -> Tepung Tapioka | D89: 5
B90: T | C90: =IFERROR(VLOOKUP(B90,'Rekap Stock Barang'!$A$7:$G$153,2,0),"") -> Terasi | D90: 8
B91: Eko | C91: =IFERROR(VLOOKUP(B91,'Rekap Stock Barang'!$A$7:$G$153,2,0),"") -> Ekonomi | D91: 4
B92: Maizena | C92: =IFERROR(VLOOKUP(B92,'Rekap Stock Barang'!$A$7:$G$153,2,0),"") -> Tepung Maizena | D92: 6
B93: Terigu | C93: =IFERROR(VLOOKUP(B93,'Rekap Stock Barang'!$A$7:$G$153,2,0),"") -> Tepung Terigu | D93: 7
B94: Urai | C94: =IFERROR(VLOOKUP(B94,'Rekap Stock Barang'!$A$7:$G$153,2,0),"") -> Mie Urai | D94: 2
B95: BL | C95: =IFERROR(VLOOKUP(B95,'Rekap Stock Barang'!$A$7:$G$153,2,0),"") -> Bumbu Lidah | D95: 1
... B132: Sirsak | C132: =IFERROR(VLOOKUP(B132,'Rekap Stock Barang'!$A$7:$G$153,2,0),"") -> Sirsak Juice | D132: 0
A133: 46269 | B133: Gm | C133: =IFERROR(VLOOKUP(B133,'Rekap Stock Barang'!$A$7:$G$153,2,0),"") -> Gorengan Mbakmoy | D133: 1
B134: Keju | C134: =IFERROR(VLOOKUP(B134,'Rekap Stock Barang'!$A$7:$G$153,2,0),"") -> Keju | D134: 1
B135: paper | C135: =IFERROR(VLOOKUP(B135,'Rekap Stock Barang'!$A$7:$G$153,2,0),"") -> Thermal Paper | D135: 1
B136: Sp | C136: =IFERROR(VLOOKUP(B136,'Rekap Stock Barang'!$A$7:$G$153,2,0),"") -> Sambal Petis | D136: 1
B137: Bk | C137: =IFERROR(VLOOKUP(B137,'Rekap Stock Barang'!$A$7:$G$153,2,0),"") -> Bumbu Kwetiau | D137: 1
B138: BMG | C138: =IFERROR(VLOOKUP(B138,'Rekap Stock Barang'!$A$7:$G$153,2,0),"") -> Bumbu Mie Goreng Jawa | D138: 1
B139: TT | C139: =IFERROR(VLOOKUP(B139,'Rekap Stock Barang'!$A$7:$G$153,2,0),"") -> Tepung Telur | D139: 4
B140: BNG | C140: =IFERROR(VLOOKUP(B140,'Rekap Stock Barang'!$A$7:$G$153,2,0),"") -> Bumbu Nasi Gila | D140: 1
B141: ST | C141: =IFERROR(VLOOKUP(B141,'Rekap Stock Barang'!$A$7:$G$153,2,0),"") -> Sambal Terong | D141: 1
B142: Serundeng | C142: =IFERROR(VLOOKUP(B142,'Rekap Stock Barang'!$A$7:$G$153,2,0),"") -> Bumbu Serundeng | D142: 1
B143: SK | C143: =IFERROR(VLOOKUP(B143,'Rekap Stock Barang'!$A$7:$G$153,2,0),"") -> Sambal Kuning | D143: 1
B144: Twc | C144: =IFERROR(VLOOKUP(B144,'Rekap Stock Barang'!$A$7:$G$153,2,0),"") -> Tissue Toilet | D144: 1
B145: Tmeja | C145: =IFERROR(VLOOKUP(B145,'Rekap Stock Barang'!$A$7:$G$153,2,0),"") -> Tissue Meja | D145: 1
... B180: Sirsak | C180: =IFERROR(VLOOKUP(B180,'Rekap Stock Barang'!$A$7:$G$153,2,0),"") -> Sirsak Juice | D180: 0
A181: 46270 | B181: Sk | C181: =IFERROR(VLOOKUP(B181,'Rekap Stock Barang'!$A$7:$G$153,2,0),"") -> Sambal Kuning | D181: 1
B182: SP | C182: =IFERROR(VLOOKUP(B182,'Rekap Stock Barang'!$A$7:$G$153,2,0),"") -> Sambal Petis | D182: 1
B183: Polaris | C183: =IFERROR(VLOOKUP(B183,'Rekap Stock Barang'!$A$7:$G$153,2,0),"") -> Soda Polaris | D183: 1
B184: Paper | C184: =IFERROR(VLOOKUP(B184,'Rekap Stock Barang'!$A$7:$G$153,2,0),"") -> Thermal Paper | D184: 2
B185: Eko | C185: =IFERROR(VLOOKUP(B185,'Rekap Stock Barang'!$A$7:$G$153,2,0),"") -> Ekonomi | D185: 2
B186: S.terasi | C186: =IFERROR(VLOOKUP(B186,'Rekap Stock Barang'!$A$7:$G$153,2,0),"") -> Sambal Terasi | D186: 1
B187: SB | C187: =IFERROR(VLOOKUP(B187,'Rekap Stock Barang'!$A$7:$G$153,2,0),"") -> Sambal Bawang | D187: 2
B188: Rotib | C188: =IFERROR(VLOOKUP(B188,'Rekap Stock Barang'!$A$7:$G$153,2,0),"") -> Roti Bakar | D188: 1
B189: Tt | C189: =IFERROR(VLOOKUP(B189,'Rekap Stock Barang'!$A$7:$G$153,2,0),"") -> Tepung Telur | D189: 4
B190: Kopi | C190: =IFERROR(VLOOKUP(B190,'Rekap Stock Barang'!$A$7:$G$153,2,0),"") -> Kopi | D190: 1
B191: Gula | C191: =IFERROR(VLOOKUP(B191,'Rekap Stock Barang'!$A$7:$G$153,2,0),"") -> Gula | D191: 2
B192: Tbl | C192: =IFERROR(VLOOKUP(B192,'Rekap Stock Barang'!$A$7:$G$153,2,0),"") -> Take Away Bocx L | D192: 1
B193: Tbm | C193: =IFERROR(VLOOKUP(B193,'Rekap Stock Barang'!$A$7:$G$153,2,0),"") -> Take Away Box M | D193: 1
... B212: Ice | C212: =IFERROR(VLOOKUP(B212,'Rekap Stock Barang'!$A$7:$G$153,2,0),"") -> Cup Ice | D212: 1
A213: Stock Kurang | B213: P | C213: =IFERROR(VLOOKUP(B213,'Rekap Stock Barang'!$A$7:$G$153,2,0),"") -> Paha | D213: 2
A214: Stock Kurang | B214: As | C214: =IFERROR(VLOOKUP(B214,'Rekap Stock Barang'!$A$7:$G$153,2,0),"") -> Ayam Suwir | D214: 1
B215: Sagu | C215: =IFERROR(VLOOKUP(B215,'Rekap Stock Barang'!$A$7:$G$153,2,0),"") -> Sagu Mutiara | D215: 1
B216: Kaleng | C216: =IFERROR(VLOOKUP(B216,'Rekap Stock Barang'!$A$7:$G$153,2,0),"") -> Lhychee Kaleng | D216: 1
B217: Paper | C217: =IFERROR(VLOOKUP(B217,'Rekap Stock Barang'!$A$7:$G$153,2,0),"") -> Thermal Paper | D217: 4
B218: Ps.ukS | C218: =IFERROR(VLOOKUP(B218,'Rekap Stock Barang'!$A$7:$G$153,2,0),"") -> Plastik Sampah S | D218: 3
B219: Ps.ukM | C219: =IFERROR(VLOOKUP(B219,'Rekap Stock Barang'!$A$7:$G$153,2,0),"") -> Plastik Sampah M | D219: 2
B220: Ps.ukL | C220: =IFERROR(VLOOKUP(B220,'Rekap Stock Barang'!$A$7:$G$153,2,0),"") -> Plastik Sampah L | D220: 2
B221: Ps.ukXl | C221: =IFERROR(VLOOKUP(B221,'Rekap Stock Barang'!$A$7:$G$153,2,0),"") -> Plastik Sampah XL | D221: 1
B222: PGM | C222: =IFERROR(VLOOKUP(B222,'Rekap Stock Barang'!$A$7:$G$153,2,0),"") -> Paha Gurih Manis | D222: 5
B223: DGM | C223: =IFERROR(VLOOKUP(B223,'Rekap Stock Barang'!$A$7:$G$153,2,0),"") -> Dada Gurih Manis | D223: 4
B224: P | C224: =IFERROR(VLOOKUP(B224,'Rekap Stock Barang'!$A$7:$G$153,2,0),"") -> Paha | D224: 19
B225: D | C225: =IFERROR(VLOOKUP(B225,'Rekap Stock Barang'!$A$7:$G$153,2,0),"") -> Dada | D225: 3
B226: AS | C226: =IFERROR(VLOOKUP(B226,'Rekap Stock Barang'!$A$7:$G$153,2,0),"") -> Ayam Suwir | D226: 34
... B247: Sirsak | C247: =IFERROR(VLOOKUP(B247,'Rekap Stock Barang'!$A$7:$G$153,2,0),"") -> Sirsak Juice | D247: 1
A248: 46271 | B248: Maggi | C248: =IFERROR(VLOOKUP(B248,'Rekap Stock Barang'!$A$7:$G$153,2,0),"") -> Kecap Maggi | D248: 1
B249: Rr | C249: =IFERROR(VLOOKUP(B249,'Rekap Stock Barang'!$A$7:$G$153,2,0),"") -> Raja Rasa | D249: 1
B250: Tipparos | C250: =IFERROR(VLOOKUP(B250,'Rekap Stock Barang'!$A$7:$G$153,2,0),"") -> Kecap Ikan Tipparos | D250: 1
B251: Maizena | C251: =IFERROR(VLOOKUP(B251,'Rekap Stock Barang'!$A$7:$G$153,2,0),"") -> Tepung Maizena | D251: 1
B252: Terigu | C252: =IFERROR(VLOOKUP(B252,'Rekap Stock Barang'!$A$7:$G$153,2,0),"") -> Tepung Terigu | D252: 4
B253: Beras | C253: =IFERROR(VLOOKUP(B253,'Rekap Stock Barang'!$A$7:$G$153,2,0),"") -> Tepung Beras Bola | D253: 4
B254: Gulah | C254: =IFERROR(VLOOKUP(B254,'Rekap Stock Barang'!$A$7:$G$153,2,0),"") -> Gula Halus | D254: 1
B255: Serundeng | C255: =IFERROR(VLOOKUP(B255,'Rekap Stock Barang'!$A$7:$G$153,2,0),"") -> Bumbu Serundeng | D255: 3
B256: MC | C256: =IFERROR(VLOOKUP(B256,'Rekap Stock Barang'!$A$7:$G$153,2,0),"") -> Kunci Mas | D256: 1
B257: Bs | C257: =IFERROR(VLOOKUP(B257,'Rekap Stock Barang'!$A$7:$G$153,2,0),"") -> Bumbu Segara | D257: 1
B258: Cups | C258: =IFERROR(VLOOKUP(B258,'Rekap Stock Barang'!$A$7:$G$153,2,0),"") -> Cup Sambal | D258: 1
...
